Technology,value
SolarPV,4.747040763454326
CoalMine,80.11285851259704
GasExtractor,23.317184278058498
CoalPowerPlant,4.251028262597048
GasPowerPlant,0.0
CoalCHPPlant,75.86183025
GasCHPPlant,0.0
Power2Gas,1.6968116886643834e-7
H2Car,-0.0
BEV,50.263360000000006
LPGCar,23.317184278058498
ElectricHeater,106.40731266666668
Wind,215.0
